,date,team,home,home_next,date_next,team_opp,team_opp_next
0,2024-01-24,DET,1,1.0,2024-01-27,CHA,WAS
1,2024-01-24,WAS,1,1.0,2024-01-25,MIN,UTA
2,2024-01-24,MIA,1,1.0,2024-01-25,MEM,BOS
3,2024-01-24,HOU,1,0.0,2024-01-26,POR,CHA
4,2024-01-24,MIL,1,1.0,2024-01-26,CLE,CLE
5,2024-01-24,DAL,1,0.0,2024-01-26,PHX,ATL
6,2024-01-24,SAS,1,1.0,2024-01-26,OKC,POR
7,2024-01-24,GSW,1,1.0,2024-01-25,ATL,SAC
583,2024-01-24,MIN,0,0.0,2024-01-25,WAS,BKN
584,2024-01-24,MEM,0,1.0,2024-01-26,MIA,ORL
582,2024-01-24,CHA,0,1.0,2024-01-26,DET,HOU
585,2024-01-24,POR,0,0.0,2024-01-26,HOU,SAS
586,2024-01-24,CLE,0,0.0,2024-01-26,MIL,MIL
589,2024-01-24,ATL,0,1.0,2024-01-26,GSW,DAL
588,2024-01-24,OKC,0,0.0,2024-01-26,SAS,NOP
587,2024-01-24,PHX,0,0.0,2024-01-26,DAL,IND
592,2024-01-25,MIN,0,0.0,2024-01-27,BKN,SAS
591,2024-01-25,UTA,0,0.0,2024-01-27,WAS,CHA
593,2024-01-25,BOS,0,1.0,2024-01-27,MIA,LAC
594,2024-01-25,DEN,0,1.0,2024-01-27,NYK,PHI
590,2024-01-25,PHI,0,0.0,2024-01-27,IND,DEN
596,2024-01-25,CHI,0,0.0,2024-01-28,LAL,POR
595,2024-01-25,SAC,0,0.0,2024-01-27,GSW,DAL
9,2024-01-25,WAS,1,0.0,2024-01-27,UTA,DET
14,2024-01-25,LAL,1,0.0,2024-01-27,CHI,GSW
13,2024-01-25,GSW,1,1.0,2024-01-27,SAC,LAL
12,2024-01-25,NYK,1,1.0,2024-01-27,DEN,MIA
11,2024-01-25,MIA,1,0.0,2024-01-27,BOS,NYK
10,2024-01-25,BKN,1,1.0,2024-01-27,MIN,HOU
8,2024-01-25,IND,1,1.0,2024-01-26,PHI,PHX
19,2024-01-26,MEM,1,0.0,2024-01-28,ORL,IND
18,2024-01-26,TOR,1,0.0,2024-01-28,LAC,ATL
17,2024-01-26,IND,1,1.0,2024-01-28,PHX,MEM
16,2024-01-26,CHA,1,1.0,2024-01-27,HOU,UTA
15,2024-01-26,ATL,1,1.0,2024-01-28,DAL,TOR
22,2024-01-26,SAS,1,1.0,2024-01-27,POR,MIN
20,2024-01-26,MIL,1,1.0,2024-01-27,CLE,NOP
21,2024-01-26,NOP,1,0.0,2024-01-27,OKC,MIL
604,2024-01-26,POR,0,1.0,2024-01-28,SAS,CHI
597,2024-01-26,DAL,0,1.0,2024-01-27,ATL,SAC
598,2024-01-26,HOU,0,0.0,2024-01-27,CHA,BKN
599,2024-01-26,PHX,0,0.0,2024-01-28,IND,ORL
600,2024-01-26,LAC,0,0.0,2024-01-27,TOR,BOS
601,2024-01-26,ORL,0,1.0,2024-01-28,MEM,PHX
602,2024-01-26,CLE,0,1.0,2024-01-29,MIL,LAC
603,2024-01-26,OKC,0,0.0,2024-01-28,NOP,DET
611,2024-01-27,NOP,0,0.0,2024-01-29,MIL,BOS
605,2024-01-27,WAS,0,0.0,2024-01-29,DET,SAS
606,2024-01-27,MIA,0,1.0,2024-01-29,NYK,PHX
607,2024-01-27,PHI,0,0.0,2024-01-29,DEN,POR
608,2024-01-27,HOU,0,1.0,2024-01-29,BKN,LAL
614,2024-01-27,SAC,0,0.0,2024-01-29,DAL,MEM
613,2024-01-27,MIN,0,0.0,2024-01-29,SAS,OKC
609,2024-01-27,LAC,0,0.0,2024-01-29,BOS,CLE
610,2024-01-27,UTA,0,0.0,2024-01-29,CHA,BKN
612,2024-01-27,LAL,0,0.0,2024-01-29,GSW,HOU
23,2024-01-27,DET,1,1.0,2024-01-28,WAS,OKC
24,2024-01-27,NYK,1,0.0,2024-01-29,MIA,CHA
26,2024-01-27,BKN,1,1.0,2024-01-29,HOU,UTA
27,2024-01-27,BOS,1,1.0,2024-01-29,LAC,NOP
28,2024-01-27,CHA,1,1.0,2024-01-29,UTA,NYK
29,2024-01-27,MIL,1,0.0,2024-01-29,NOP,DEN
30,2024-01-27,GSW,1,1.0,2024-01-30,LAL,PHI
31,2024-01-27,SAS,1,1.0,2024-01-29,MIN,WAS
32,2024-01-27,DAL,1,1.0,2024-01-29,SAC,ORL
25,2024-01-27,DEN,1,1.0,2024-01-29,PHI,MIL
37,2024-01-28,POR,1,1.0,2024-01-29,CHI,PHI
36,2024-01-28,ORL,1,0.0,2024-01-29,PHX,DAL
615,2024-01-28,OKC,0,1.0,2024-01-29,DET,MIN
616,2024-01-28,MEM,0,1.0,2024-01-29,IND,SAC
619,2024-01-28,CHI,0,1.0,2024-01-30,POR,TOR
618,2024-01-28,PHX,0,0.0,2024-01-29,ORL,MIA
35,2024-01-28,ATL,1,1.0,2024-01-30,TOR,LAL
34,2024-01-28,IND,1,0.0,2024-01-30,MEM,BOS
33,2024-01-28,DET,1,0.0,2024-01-31,OKC,CLE
617,2024-01-28,TOR,0,0.0,2024-01-30,ATL,CHI
48,2024-01-29,DEN,1,0.0,2024-01-31,MIL,OKC
38,2024-01-29,CHA,1,1.0,2024-01-31,NYK,CHI
49,2024-01-29,POR,1,1.0,2024-01-31,PHI,MIL
47,2024-01-29,DAL,1,0.0,2024-01-31,ORL,MIN
42,2024-01-29,MIA,1,1.0,2024-01-31,PHX,SAC
45,2024-01-29,OKC,1,1.0,2024-01-31,MIN,DEN
629,2024-01-29,ORL,0,0.0,2024-01-31,DAL,SAS
630,2024-01-29,MIL,0,0.0,2024-01-31,DEN,POR
631,2024-01-29,PHI,0,0.0,2024-01-30,POR,GSW
626,2024-01-29,SAC,0,0.0,2024-01-31,MEM,MIA
625,2024-01-29,LAL,0,0.0,2024-01-30,HOU,ATL
624,2024-01-29,PHX,0,0.0,2024-01-31,MIA,BKN
623,2024-01-29,UTA,0,0.0,2024-01-30,BKN,NYK
622,2024-01-29,NOP,0,0.0,2024-01-31,BOS,HOU
621,2024-01-29,LAC,0,0.0,2024-01-31,CLE,WAS
620,2024-01-29,NYK,0,1.0,2024-01-30,CHA,UTA
41,2024-01-29,BKN,1,1.0,2024-01-31,UTA,PHX
40,2024-01-29,BOS,1,1.0,2024-01-30,NOP,IND
39,2024-01-29,CLE,1,1.0,2024-01-31,LAC,DET
628,2024-01-29,WAS,0,1.0,2024-01-31,SAS,LAC
44,2024-01-29,MEM,1,1.0,2024-02-01,SAC,CLE
46,2024-01-29,SAS,1,1.0,2024-01-31,WAS,ORL
43,2024-01-29,HOU,1,1.0,2024-01-31,LAL,NOP
627,2024-01-29,MIN,0,1.0,2024-01-31,OKC,DAL
54,2024-01-30,GSW,1,0.0,2024-02-02,PHI,MEM
52,2024-01-30,NYK,1,1.0,2024-02-01,UTA,IND
51,2024-01-30,BOS,1,1.0,2024-02-01,IND,LAL
50,2024-01-30,ATL,1,1.0,2024-02-02,LAL,PHX
632,2024-01-30,LAL,0,0.0,2024-02-01,ATL,BOS
633,2024-01-30,IND,0,0.0,2024-02-01,BOS,NYK
634,2024-01-30,UTA,0,1.0,2024-02-01,NYK,PHI
53,2024-01-30,CHI,1,0.0,2024-01-31,TOR,CHA
636,2024-01-30,PHI,0,0.0,2024-02-01,GSW,UTA
635,2024-01-30,TOR,0,0.0,2024-02-02,CHI,HOU
64,2024-01-31,POR,1,0.0,2024-02-02,MIL,DEN
63,2024-01-31,BKN,1,0.0,2024-02-03,PHX,PHI
642,2024-01-31,DAL,0,1.0,2024-02-03,MIN,MIL
61,2024-01-31,OKC,1,1.0,2024-02-02,DEN,CHA
57,2024-01-31,WAS,1,1.0,2024-02-02,LAC,MIA
638,2024-01-31,DET,0,1.0,2024-02-02,CLE,LAC
639,2024-01-31,LAC,0,0.0,2024-02-02,WAS,DET
640,2024-01-31,SAC,0,0.0,2024-02-02,MIA,IND
646,2024-01-31,MIL,0,0.0,2024-02-03,POR,DAL
645,2024-01-31,PHX,0,0.0,2024-02-02,BKN,ATL
644,2024-01-31,ORL,0,0.0,2024-02-02,SAS,MIN
643,2024-01-31,DEN,0,1.0,2024-02-02,OKC,POR
56,2024-01-31,CLE,1,0.0,2024-02-01,DET,MEM
637,2024-01-31,CHI,0,1.0,2024-02-03,CHA,SAC
62,2024-01-31,SAS,1,1.0,2024-02-02,ORL,NOP
641,2024-01-31,NOP,0,0.0,2024-02-02,HOU,SAS
58,2024-01-31,MIA,1,0.0,2024-02-02,SAC,WAS
59,2024-01-31,HOU,1,1.0,2024-02-02,NOP,TOR
60,2024-01-31,MIN,1,1.0,2024-02-02,DAL,ORL
55,2024-01-31,CHA,1,0.0,2024-02-02,CHI,OKC
65,2024-02-01,BOS,1,1.0,2024-02-04,LAL,MEM
66,2024-02-01,NYK,1,1.0,2024-02-03,IND,LAL
68,2024-02-01,UTA,1,1.0,2024-02-04,PHI,MIL
67,2024-02-01,MEM,1,1.0,2024-02-02,CLE,GSW
650,2024-02-01,PHI,0,1.0,2024-02-03,UTA,BKN
649,2024-02-01,CLE,0,0.0,2024-02-03,MEM,SAS
648,2024-02-01,IND,0,1.0,2024-02-02,NYK,SAC
647,2024-02-01,LAL,0,0.0,2024-02-03,BOS,NYK
77,2024-02-02,SAS,1,1.0,2024-02-03,NOP,CLE
660,2024-02-02,POR,0,0.0,2024-02-04,DEN,DEN
659,2024-02-02,NOP,0,1.0,2024-02-05,SAS,TOR
658,2024-02-02,CHA,0,1.0,2024-02-04,OKC,IND
657,2024-02-02,ORL,0,0.0,2024-02-04,MIN,DET
656,2024-02-02,GSW,0,0.0,2024-02-03,MEM,ATL
655,2024-02-02,TOR,0,0.0,2024-02-04,HOU,OKC
654,2024-02-02,SAC,0,0.0,2024-02-03,IND,CHI
653,2024-02-02,PHX,0,0.0,2024-02-04,ATL,WAS
78,2024-02-02,DEN,1,1.0,2024-02-04,POR,POR
652,2024-02-02,MIA,0,1.0,2024-02-04,WAS,LAC
69,2024-02-02,DET,1,1.0,2024-02-04,LAC,ORL
70,2024-02-02,WAS,1,1.0,2024-02-04,MIA,PHX
71,2024-02-02,ATL,1,1.0,2024-02-03,PHX,GSW
72,2024-02-02,IND,1,0.0,2024-02-04,SAC,CHA
73,2024-02-02,HOU,1,0.0,2024-02-04,TOR,MIN
74,2024-02-02,MEM,1,0.0,2024-02-04,GSW,BOS
75,2024-02-02,MIN,1,1.0,2024-02-04,ORL,HOU
76,2024-02-02,OKC,1,1.0,2024-02-04,CHA,TOR
651,2024-02-02,LAC,0,0.0,2024-02-04,DET,MIA
661,2024-02-03,BKN,0,1.0,2024-02-05,PHI,GSW
662,2024-02-03,GSW,0,0.0,2024-02-05,ATL,BKN
663,2024-02-03,SAC,0,0.0,2024-02-05,CHI,CLE
664,2024-02-03,MIL,0,0.0,2024-02-04,DAL,UTA
665,2024-02-03,LAL,0,0.0,2024-02-05,NYK,CHA
666,2024-02-03,CLE,0,1.0,2024-02-05,SAS,SAC
84,2024-02-03,SAS,1,0.0,2024-02-07,CLE,MIA
83,2024-02-03,NYK,1,1.0,2024-02-06,LAL,MEM
79,2024-02-03,PHI,1,1.0,2024-02-05,BKN,DAL
80,2024-02-03,ATL,1,1.0,2024-02-05,GSW,LAC
81,2024-02-03,CHI,1,1.0,2024-02-06,SAC,MIN
82,2024-02-03,DAL,1,0.0,2024-02-05,MIL,PHI
90,2024-02-04,MIN,1,0.0,2024-02-06,HOU,CHI
91,2024-02-04,OKC,1,0.0,2024-02-06,TOR,UTA
92,2024-02-04,UTA,1,1.0,2024-02-06,MIL,OKC
93,2024-02-04,DEN,1,0.0,2024-02-08,POR,LAL
87,2024-02-04,BOS,1,1.0,2024-02-07,MEM,ATL
89,2024-02-04,MIA,1,1.0,2024-02-06,LAC,ORL
675,2024-02-04,POR,0,1.0,2024-02-08,DEN,DET
85,2024-02-04,DET,1,0.0,2024-02-07,ORL,SAC
667,2024-02-04,ORL,0,0.0,2024-02-06,DET,MIA
668,2024-02-04,PHX,0,1.0,2024-02-06,WAS,MIL
669,2024-02-04,MEM,0,0.0,2024-02-06,BOS,NYK
670,2024-02-04,IND,0,1.0,2024-02-06,CHA,HOU
671,2024-02-04,LAC,0,0.0,2024-02-05,MIA,ATL
672,2024-02-04,HOU,0,0.0,2024-02-06,MIN,IND
673,2024-02-04,TOR,0,0.0,2024-02-05,OKC,NOP
674,2024-02-04,MIL,0,0.0,2024-02-06,UTA,PHX
86,2024-02-04,WAS,1,1.0,2024-02-07,PHX,CLE
88,2024-02-04,CHA,1,1.0,2024-02-05,IND,LAL
98,2024-02-05,BKN,1,1.0,2024-02-06,GSW,DAL
94,2024-02-05,CHA,1,1.0,2024-02-07,LAL,TOR
95,2024-02-05,CLE,1,0.0,2024-02-07,SAC,WAS
99,2024-02-05,NOP,1,0.0,2024-02-07,TOR,LAC
96,2024-02-05,PHI,1,1.0,2024-02-07,DAL,GSW
97,2024-02-05,ATL,1,0.0,2024-02-07,LAC,BOS
681,2024-02-05,TOR,0,0.0,2024-02-07,NOP,CHA
680,2024-02-05,GSW,0,0.0,2024-02-07,BKN,PHI
679,2024-02-05,LAC,0,1.0,2024-02-07,ATL,NOP
677,2024-02-05,SAC,0,1.0,2024-02-07,CLE,DET
676,2024-02-05,LAL,0,1.0,2024-02-08,CHA,DEN
678,2024-02-05,DAL,0,0.0,2024-02-06,PHI,BKN
100,2024-02-06,IND,1,1.0,2024-02-08,HOU,GSW
683,2024-02-06,DAL,0,0.0,2024-02-08,BKN,NYK
685,2024-02-06,MEM,0,1.0,2024-02-08,NYK,CHI
686,2024-02-06,MIN,0,0.0,2024-02-08,CHI,MIL
687,2024-02-06,OKC,0,0.0,2024-02-10,UTA,DAL
688,2024-02-06,MIL,0,1.0,2024-02-08,PHX,MIN
106,2024-02-06,PHX,1,1.0,2024-02-08,MIL,UTA
105,2024-02-06,UTA,1,0.0,2024-02-08,OKC,PHX
104,2024-02-06,CHI,1,0.0,2024-02-08,MIN,MEM
103,2024-02-06,NYK,1,1.0,2024-02-08,MEM,DAL
102,2024-02-06,MIA,1,1.0,2024-02-07,ORL,SAS
101,2024-02-06,BKN,1,1.0,2024-02-08,DAL,CLE
682,2024-02-06,HOU,0,0.0,2024-02-09,IND,TOR
684,2024-02-06,ORL,0,1.0,2024-02-08,MIA,SAS
689,2024-02-07,TOR,0,1.0,2024-02-09,CHA,HOU
691,2024-02-07,ATL,0,0.0,2024-02-09,BOS,PHI
113,2024-02-07,SAC,1,1.0,2024-02-09,DET,DEN
112,2024-02-07,LAC,1,1.0,2024-02-10,NOP,DET
111,2024-02-07,PHI,1,1.0,2024-02-09,GSW,ATL
690,2024-02-07,CLE,0,0.0,2024-02-08,WAS,BKN
109,2024-02-07,BOS,1,1.0,2024-02-09,ATL,WAS
110,2024-02-07,MIA,1,1.0,2024-02-11,SAS,BOS
107,2024-02-07,CHA,1,0.0,2024-02-09,TOR,MIL
695,2024-02-07,DET,0,0.0,2024-02-08,SAC,POR
694,2024-02-07,NOP,0,0.0,2024-02-09,LAC,LAL
693,2024-02-07,GSW,0,0.0,2024-02-08,PHI,IND
692,2024-02-07,SAS,0,0.0,2024-02-08,MIA,ORL
108,2024-02-07,WAS,1,0.0,2024-02-09,CLE,BOS
114,2024-02-08,IND,1,0.0,2024-02-10,GSW,NYK
115,2024-02-08,ORL,1,1.0,2024-02-10,SAS,CHI
116,2024-02-08,BKN,1,1.0,2024-02-10,CLE,SAS
117,2024-02-08,NYK,1,1.0,2024-02-10,DAL,IND
120,2024-02-08,PHX,1,0.0,2024-02-10,UTA,GSW
119,2024-02-08,MIL,1,1.0,2024-02-09,MIN,CHA
121,2024-02-08,LAL,1,1.0,2024-02-09,DEN,NOP
704,2024-02-08,DET,0,0.0,2024-02-10,POR,LAC
703,2024-02-08,DEN,0,0.0,2024-02-09,LAL,SAC
702,2024-02-08,UTA,0,1.0,2024-02-12,PHX,GSW
701,2024-02-08,MIN,0,0.0,2024-02-12,MIL,LAC
700,2024-02-08,CHI,0,0.0,2024-02-10,MEM,ORL
699,2024-02-08,DAL,0,1.0,2024-02-10,NYK,OKC
698,2024-02-08,CLE,0,0.0,2024-02-10,BKN,TOR
697,2024-02-08,SAS,0,0.0,2024-02-10,ORL,BKN
696,2024-02-08,GSW,0,1.0,2024-02-10,IND,PHX
118,2024-02-08,MEM,1,0.0,2024-02-10,CHI,CHA
122,2024-02-08,POR,1,1.0,2024-02-10,DET,NOP
707,2024-02-09,HOU,0,0.0,2024-02-10,TOR,ATL
706,2024-02-09,WAS,0,1.0,2024-02-10,BOS,PHI
123,2024-02-09,PHI,1,0.0,2024-02-10,ATL,WAS
705,2024-02-09,ATL,0,1.0,2024-02-10,PHI,HOU
125,2024-02-09,TOR,1,1.0,2024-02-10,HOU,CLE
126,2024-02-09,MIL,1,1.0,2024-02-12,CHA,DEN
127,2024-02-09,SAC,1,0.0,2024-02-11,DEN,OKC
124,2024-02-09,BOS,1,0.0,2024-02-11,WAS,MIA
710,2024-02-09,NOP,0,0.0,2024-02-10,LAL,POR
709,2024-02-09,DEN,0,0.0,2024-02-12,SAC,MIL
708,2024-02-09,CHA,0,1.0,2024-02-10,MIL,MEM
128,2024-02-09,LAL,1,1.0,2024-02-13,NOP,DET
711,2024-02-10,OKC,0,1.0,2024-02-11,DAL,SAC
721,2024-02-10,NOP,0,0.0,2024-02-12,POR,MEM
714,2024-02-10,MEM,0,1.0,2024-02-12,CHA,NOP
715,2024-02-10,CHI,0,0.0,2024-02-12,ORL,ATL
716,2024-02-10,PHI,0,0.0,2024-02-12,WAS,CLE
717,2024-02-10,HOU,0,1.0,2024-02-12,ATL,NYK
718,2024-02-10,IND,0,0.0,2024-02-12,NYK,CHA
719,2024-02-10,CLE,0,1.0,2024-02-12,TOR,PHI
720,2024-02-10,PHX,0,1.0,2024-02-13,GSW,SAC
712,2024-02-10,DET,0,0.0,2024-02-13,LAC,LAL
713,2024-02-10,SAS,0,0.0,2024-02-12,BKN,TOR
139,2024-02-10,POR,1,1.0,2024-02-13,NOP,MIN
138,2024-02-10,GSW,1,0.0,2024-02-12,PHX,UTA
137,2024-02-10,TOR,1,1.0,2024-02-12,CLE,SAS
135,2024-02-10,ATL,1,1.0,2024-02-12,HOU,CHI
134,2024-02-10,WAS,1,0.0,2024-02-12,PHI,DAL
136,2024-02-10,NYK,1,0.0,2024-02-12,IND,HOU
132,2024-02-10,CHA,1,1.0,2024-02-12,MEM,IND
131,2024-02-10,BKN,1,1.0,2024-02-13,SAS,BOS
130,2024-02-10,LAC,1,1.0,2024-02-12,DET,MIN
129,2024-02-10,DAL,1,1.0,2024-02-12,OKC,WAS
133,2024-02-10,ORL,1,1.0,2024-02-13,CHI,OKC
723,2024-02-11,SAC,0,0.0,2024-02-13,OKC,PHX
140,2024-02-11,MIA,1,0.0,2024-02-13,BOS,MIL
141,2024-02-11,OKC,1,0.0,2024-02-13,SAC,ORL
722,2024-02-11,BOS,0,0.0,2024-02-13,MIA,BKN
731,2024-02-12,WAS,0,0.0,2024-02-14,DAL,NOP
730,2024-02-12,DEN,0,1.0,2024-02-14,MIL,SAC
729,2024-02-12,NOP,0,1.0,2024-02-14,MEM,WAS
147,2024-02-12,MEM,1,1.0,2024-02-14,NOP,HOU
724,2024-02-12,IND,0,0.0,2024-02-14,CHA,TOR
725,2024-02-12,PHI,0,1.0,2024-02-14,CLE,MIA
732,2024-02-12,GSW,0,1.0,2024-02-14,UTA,LAC
728,2024-02-12,NYK,0,0.0,2024-02-14,HOU,ORL
733,2024-02-12,MIN,0,0.0,2024-02-13,LAC,POR
727,2024-02-12,SAS,0,0.0,2024-02-14,TOR,DAL
151,2024-02-12,LAC,1,0.0,2024-02-14,MIN,GSW
150,2024-02-12,UTA,1,1.0,2024-02-14,GSW,LAL
149,2024-02-12,DAL,1,1.0,2024-02-14,WAS,SAS
148,2024-02-12,MIL,1,1.0,2024-02-13,DEN,MIA
726,2024-02-12,CHI,0,0.0,2024-02-14,ATL,CLE
146,2024-02-12,HOU,1,0.0,2024-02-14,NYK,MEM
145,2024-02-12,TOR,1,1.0,2024-02-14,SAS,IND
144,2024-02-12,ATL,1,0.0,2024-02-14,CHI,CHA
143,2024-02-12,CLE,1,1.0,2024-02-14,PHI,CHI
142,2024-02-12,CHA,1,1.0,2024-02-14,IND,ATL
736,2024-02-13,MIA,0,0.0,2024-02-14,MIL,PHI
735,2024-02-13,OKC,0,1.0,2024-02-22,ORL,LAC
734,2024-02-13,BOS,0,1.0,2024-02-14,BKN,BKN
737,2024-02-13,SAC,0,0.0,2024-02-14,PHX,DEN
153,2024-02-13,ORL,1,1.0,2024-02-14,OKC,NYK
739,2024-02-13,DET,0,0.0,2024-02-14,LAL,PHX
157,2024-02-13,LAL,1,0.0,2024-02-14,DET,UTA
156,2024-02-13,POR,1,1.0,2024-02-15,MIN,MIN
155,2024-02-13,PHX,1,1.0,2024-02-14,SAC,DET
154,2024-02-13,MIL,1,0.0,2024-02-15,MIA,MEM
738,2024-02-13,MIN,0,0.0,2024-02-15,POR,POR
152,2024-02-13,BKN,1,0.0,2024-02-14,BOS,BOS
751,2024-02-14,LAL,0,0.0,2024-02-22,UTA,GSW
752,2024-02-14,LAC,0,0.0,2024-02-22,GSW,OKC
748,2024-02-14,SAS,0,0.0,2024-02-22,DAL,SAC
750,2024-02-14,DET,0,0.0,2024-02-22,PHX,IND
749,2024-02-14,SAC,0,1.0,2024-02-22,DEN,SAS
170,2024-02-14,GSW,1,1.0,2024-02-22,LAC,LAL
741,2024-02-14,NYK,0,0.0,2024-02-22,ORL,PHI
158,2024-02-14,CHA,1,0.0,2024-02-22,ATL,UTA
159,2024-02-14,ORL,1,0.0,2024-02-22,NYK,CLE
160,2024-02-14,PHI,1,1.0,2024-02-22,MIA,NYK
161,2024-02-14,BOS,1,0.0,2024-02-22,BKN,CHI
162,2024-02-14,CLE,1,1.0,2024-02-22,CHI,ORL
740,2024-02-14,ATL,0,1.0,2024-02-23,CHA,TOR
164,2024-02-14,MEM,1,1.0,2024-02-15,HOU,MIL
165,2024-02-14,NOP,1,1.0,2024-02-22,WAS,HOU
166,2024-02-14,DAL,1,1.0,2024-02-22,SAS,PHX
167,2024-02-14,DEN,1,1.0,2024-02-22,SAC,WAS
163,2024-02-14,TOR,1,1.0,2024-02-22,IND,BKN
169,2024-02-14,UTA,1,1.0,2024-02-22,LAL,CHA
742,2024-02-14,MIA,0,0.0,2024-02-23,PHI,NOP
168,2024-02-14,PHX,1,0.0,2024-02-22,DET,DAL
747,2024-02-14,WAS,0,0.0,2024-02-22,NOP,DEN
746,2024-02-14,HOU,0,0.0,2024-02-22,MEM,NOP
745,2024-02-14,IND,0,1.0,2024-02-22,TOR,DET
744,2024-02-14,CHI,0,1.0,2024-02-22,CLE,BOS
743,2024-02-14,BKN,0,0.0,2024-02-22,BOS,TOR
753,2024-02-15,MIL,0,0.0,2024-02-23,MEM,MIN
754,2024-02-15,MIN,0,1.0,2024-02-23,POR,MIL
171,2024-02-15,MEM,1,1.0,2024-02-23,MIL,LAC
172,2024-02-15,POR,1,1.0,2024-02-23,MIN,DEN
755,2024-02-22,ORL,0,0.0,2024-02-24,CLE,DET
756,2024-02-22,DET,0,1.0,2024-02-24,IND,ORL
764,2024-02-22,CHA,0,0.0,2024-02-23,UTA,GSW
757,2024-02-22,NYK,0,1.0,2024-02-24,PHI,BOS
758,2024-02-22,BKN,0,0.0,2024-02-24,TOR,MIN
759,2024-02-22,PHX,0,0.0,2024-02-23,DAL,HOU
760,2024-02-22,BOS,0,0.0,2024-02-24,CHI,NYK
761,2024-02-22,HOU,0,1.0,2024-02-23,NOP,PHX
762,2024-02-22,LAC,0,0.0,2024-02-23,OKC,MEM
763,2024-02-22,WAS,0,0.0,2024-02-23,DEN,OKC
179,2024-02-22,NOP,1,1.0,2024-02-23,HOU,MIA
175,2024-02-22,PHI,1,1.0,2024-02-23,NYK,CLE
176,2024-02-22,TOR,1,0.0,2024-02-23,BKN,ATL
177,2024-02-22,DAL,1,0.0,2024-02-25,PHX,IND
178,2024-02-22,CHI,1,0.0,2024-02-25,BOS,NOP
180,2024-02-22,OKC,1,1.0,2024-02-23,LAC,WAS
181,2024-02-22,DEN,1,0.0,2024-02-23,WAS,POR
182,2024-02-22,UTA,1,1.0,2024-02-25,CHA,SAS
183,2024-02-22,GSW,1,1.0,2024-02-23,LAL,CHA
174,2024-02-22,IND,1,1.0,2024-02-25,DET,DAL
184,2024-02-22,SAC,1,0.0,2024-02-25,SAS,LAC
765,2024-02-22,LAL,0,1.0,2024-02-23,GSW,SAS
766,2024-02-22,SAS,0,0.0,2024-02-23,SAC,LAL
173,2024-02-22,CLE,1,0.0,2024-02-23,ORL,PHI
186,2024-02-23,PHI,1,1.0,2024-02-25,CLE,MIL
187,2024-02-23,HOU,1,1.0,2024-02-25,PHX,OKC
188,2024-02-23,MEM,1,1.0,2024-02-26,LAC,BKN
190,2024-02-23,OKC,1,0.0,2024-02-25,WAS,HOU
194,2024-02-23,LAL,1,0.0,2024-02-25,SAS,PHX
193,2024-02-23,POR,1,1.0,2024-02-25,DEN,CHA
192,2024-02-23,NOP,1,1.0,2024-02-25,MIA,CHI
191,2024-02-23,GSW,1,1.0,2024-02-25,CHA,DEN
185,2024-02-23,ATL,1,1.0,2024-02-25,TOR,ORL
767,2024-02-23,TOR,0,0.0,2024-02-26,ATL,IND
189,2024-02-23,MIN,1,1.0,2024-02-24,MIL,BKN
768,2024-02-23,CLE,0,0.0,2024-02-25,PHI,WAS
769,2024-02-23,PHX,0,1.0,2024-02-25,HOU,LAL
770,2024-02-23,LAC,0,1.0,2024-02-25,MEM,SAC
771,2024-02-23,MIL,0,0.0,2024-02-25,MIN,PHI
772,2024-02-23,WAS,0,1.0,2024-02-25,OKC,CLE
773,2024-02-23,CHA,0,0.0,2024-02-25,GSW,POR
774,2024-02-23,MIA,0,0.0,2024-02-26,NOP,SAC
775,2024-02-23,DEN,0,0.0,2024-02-25,POR,GSW
776,2024-02-23,SAS,0,0.0,2024-02-25,LAL,UTA
777,2024-02-24,ORL,0,0.0,2024-02-25,DET,ATL
779,2024-02-24,BOS,0,1.0,2024-02-27,NYK,PHI
197,2024-02-24,NYK,1,1.0,2024-02-26,BOS,DET
196,2024-02-24,MIN,1,1.0,2024-02-27,BKN,SAS
195,2024-02-24,DET,1,0.0,2024-02-26,ORL,NYK
778,2024-02-24,BKN,0,0.0,2024-02-26,MIN,MEM
202,2024-02-25,ATL,1,1.0,2024-02-27,ORL,UTA
199,2024-02-25,PHX,1,1.0,2024-02-29,LAL,HOU
198,2024-02-25,PHI,1,0.0,2024-02-27,MIL,BOS
200,2024-02-25,IND,1,1.0,2024-02-26,DAL,TOR
201,2024-02-25,WAS,1,1.0,2024-02-27,CLE,GSW
203,2024-02-25,GSW,1,0.0,2024-02-27,DEN,WAS
789,2024-02-25,CHA,0,0.0,2024-02-27,POR,MIL
205,2024-02-25,NOP,1,0.0,2024-02-27,CHI,NYK
206,2024-02-25,UTA,1,0.0,2024-02-27,SAS,ATL
207,2024-02-25,POR,1,1.0,2024-02-27,CHA,MIA
790,2024-02-25,SAC,0,1.0,2024-02-26,LAC,MIA
780,2024-02-25,MIL,0,1.0,2024-02-27,PHI,CHA
781,2024-02-25,LAL,0,0.0,2024-02-28,PHX,LAC
782,2024-02-25,DAL,0,0.0,2024-02-27,IND,CLE
783,2024-02-25,CLE,0,1.0,2024-02-27,WAS,DAL
784,2024-02-25,ORL,0,1.0,2024-02-27,ATL,BKN
785,2024-02-25,DEN,0,1.0,2024-02-28,GSW,SAC
786,2024-02-25,OKC,0,1.0,2024-02-27,HOU,HOU
787,2024-02-25,CHI,0,1.0,2024-02-27,NOP,DET
788,2024-02-25,SAS,0,0.0,2024-02-27,UTA,MIN
204,2024-02-25,HOU,1,0.0,2024-02-27,OKC,OKC
208,2024-02-25,LAC,1,1.0,2024-02-28,SAC,LAL
212,2024-02-26,SAC,1,0.0,2024-02-28,MIA,DEN
210,2024-02-26,NYK,1,1.0,2024-02-27,DET,NOP
791,2024-02-26,TOR,0,1.0,2024-02-28,IND,DAL
792,2024-02-26,DET,0,0.0,2024-02-27,NYK,CHI
793,2024-02-26,BKN,0,0.0,2024-02-27,MEM,ORL
794,2024-02-26,MIA,0,0.0,2024-02-27,SAC,POR
209,2024-02-26,IND,1,1.0,2024-02-28,TOR,NOP
211,2024-02-26,MEM,1,0.0,2024-02-28,BKN,MIN
798,2024-02-27,UTA,0,0.0,2024-02-29,ATL,ORL
800,2024-02-27,SAS,0,1.0,2024-02-29,MIN,OKC
796,2024-02-27,BKN,0,1.0,2024-02-29,ORL,ATL
795,2024-02-27,DAL,0,0.0,2024-02-28,CLE,TOR
801,2024-02-27,NOP,0,0.0,2024-02-28,NYK,IND
802,2024-02-27,DET,0,1.0,2024-03-01,CHI,CLE
803,2024-02-27,CHA,0,1.0,2024-02-29,MIL,MIL
805,2024-02-27,MIA,0,0.0,2024-02-29,POR,DEN
799,2024-02-27,PHI,0,1.0,2024-03-01,BOS,CHA
797,2024-02-27,GSW,0,0.0,2024-02-29,WAS,NYK
804,2024-02-27,HOU,0,0.0,2024-02-29,OKC,PHX
220,2024-02-27,CHI,1,1.0,2024-02-28,DET,CLE
213,2024-02-27,CLE,1,0.0,2024-02-28,DAL,CHI
214,2024-02-27,ORL,1,1.0,2024-02-29,BKN,UTA
215,2024-02-27,WAS,1,0.0,2024-02-29,GSW,LAL
216,2024-02-27,ATL,1,0.0,2024-02-29,UTA,BKN
217,2024-02-27,BOS,1,1.0,2024-03-01,PHI,DAL
218,2024-02-27,MIN,1,1.0,2024-02-28,SAS,MEM
219,2024-02-27,NYK,1,1.0,2024-02-29,NOP,GSW
221,2024-02-27,MIL,1,0.0,2024-02-29,CHA,CHA
222,2024-02-27,OKC,1,0.0,2024-02-29,HOU,SAS
223,2024-02-27,POR,1,0.0,2024-03-01,MIA,MEM
809,2024-02-28,CLE,0,0.0,2024-03-01,CHI,DET
808,2024-02-28,DAL,0,0.0,2024-03-01,TOR,BOS
811,2024-02-28,LAL,0,1.0,2024-02-29,LAC,WAS
810,2024-02-28,SAC,0,0.0,2024-03-01,DEN,MIN
807,2024-02-28,MEM,0,1.0,2024-03-01,MIN,POR
229,2024-02-28,LAC,1,1.0,2024-03-01,LAL,WAS
227,2024-02-28,CHI,1,1.0,2024-03-01,CLE,MIL
226,2024-02-28,TOR,1,1.0,2024-03-01,DAL,GSW
225,2024-02-28,MIN,1,1.0,2024-03-01,MEM,SAC
224,2024-02-28,IND,1,0.0,2024-03-01,NOP,NOP
228,2024-02-28,DEN,1,1.0,2024-02-29,SAC,MIA
806,2024-02-28,NOP,0,1.0,2024-03-01,IND,IND
815,2024-02-29,GSW,0,0.0,2024-03-01,NYK,TOR
816,2024-02-29,OKC,0,0.0,2024-03-03,SAS,PHX
817,2024-02-29,HOU,0,0.0,2024-03-02,PHX,PHX
818,2024-02-29,MIA,0,1.0,2024-03-02,DEN,UTA
819,2024-02-29,WAS,0,0.0,2024-03-01,LAL,LAC
812,2024-02-29,MIL,0,0.0,2024-03-01,CHA,CHI
237,2024-02-29,LAL,1,1.0,2024-03-02,WAS,DEN
236,2024-02-29,DEN,1,0.0,2024-03-02,MIA,LAL
234,2024-02-29,SAS,1,1.0,2024-03-03,OKC,IND
235,2024-02-29,PHX,1,1.0,2024-03-02,HOU,HOU
814,2024-02-29,ATL,0,0.0,2024-03-02,BKN,BKN
233,2024-02-29,NYK,1,0.0,2024-03-03,GSW,CLE
232,2024-02-29,BKN,1,1.0,2024-03-02,ATL,ATL
231,2024-02-29,ORL,1,1.0,2024-03-03,UTA,DET
230,2024-02-29,CHA,1,0.0,2024-03-01,MIL,PHI
813,2024-02-29,UTA,0,0.0,2024-03-02,ORL,MIA
239,2024-03-01,PHI,1,0.0,2024-03-03,CHA,DAL
246,2024-03-01,LAC,1,0.0,2024-03-03,WAS,MIN
245,2024-03-01,CHI,1,0.0,2024-03-04,MIL,SAC
244,2024-03-01,NOP,1,0.0,2024-03-05,IND,TOR
243,2024-03-01,MIN,1,1.0,2024-03-03,SAC,LAC
242,2024-03-01,MEM,1,1.0,2024-03-02,POR,POR
238,2024-03-01,DET,1,0.0,2024-03-03,CLE,ORL
825,2024-03-01,SAC,0,1.0,2024-03-04,MIN,CHI
821,2024-03-01,CHA,0,0.0,2024-03-03,PHI,TOR
820,2024-03-01,CLE,0,1.0,2024-03-03,DET,NYK
828,2024-03-01,WAS,0,0.0,2024-03-04,LAC,UTA
827,2024-03-01,MIL,0,1.0,2024-03-04,CHI,LAC
826,2024-03-01,IND,0,0.0,2024-03-03,NOP,SAS
240,2024-03-01,BOS,1,1.0,2024-03-03,DAL,GSW
824,2024-03-01,POR,0,0.0,2024-03-02,MEM,MEM
823,2024-03-01,GSW,0,0.0,2024-03-03,TOR,BOS
822,2024-03-01,DAL,0,1.0,2024-03-03,BOS,PHI
241,2024-03-01,TOR,1,1.0,2024-03-03,GSW,CHA
251,2024-03-02,PHX,1,1.0,2024-03-03,HOU,OKC
249,2024-03-02,MEM,1,0.0,2024-03-04,POR,BKN
248,2024-03-02,MIA,1,1.0,2024-03-05,UTA,DET
247,2024-03-02,BKN,1,1.0,2024-03-04,ATL,MEM
829,2024-03-02,ATL,0,0.0,2024-03-05,BKN,NYK
830,2024-03-02,UTA,0,1.0,2024-03-04,MIA,WAS
831,2024-03-02,POR,0,0.0,2024-03-04,MEM,MIN
832,2024-03-02,DEN,0,1.0,2024-03-05,LAL,PHX
833,2024-03-02,HOU,0,1.0,2024-03-05,PHX,SAS
250,2024-03-02,LAL,1,1.0,2024-03-04,DEN,OKC
259,2024-03-03,PHX,1,0.0,2024-03-05,OKC,DEN
253,2024-03-03,BOS,1,0.0,2024-03-05,GSW,CLE
255,2024-03-03,ORL,1,0.0,2024-03-05,DET,CHA
258,2024-03-03,SAS,1,0.0,2024-03-05,IND,HOU
252,2024-03-03,DAL,1,1.0,2024-03-05,PHI,IND
841,2024-03-03,OKC,0,0.0,2024-03-04,PHX,LAL
256,2024-03-03,TOR,1,1.0,2024-03-05,CHA,NOP
839,2024-03-03,NYK,0,1.0,2024-03-05,CLE,ATL
840,2024-03-03,IND,0,0.0,2024-03-05,SAS,DAL
837,2024-03-03,DET,0,0.0,2024-03-05,ORL,MIA
836,2024-03-03,LAC,0,0.0,2024-03-04,MIN,MIL
835,2024-03-03,GSW,0,1.0,2024-03-06,BOS,MIL
834,2024-03-03,PHI,0,0.0,2024-03-05,DAL,BKN
254,2024-03-03,MIN,1,1.0,2024-03-04,LAC,POR
838,2024-03-03,CHA,0,1.0,2024-03-05,TOR,ORL
257,2024-03-03,CLE,1,1.0,2024-03-05,NYK,BOS
263,2024-03-04,UTA,1,1.0,2024-03-06,WAS,CHI
262,2024-03-04,MIN,1,0.0,2024-03-07,POR,IND
261,2024-03-04,MIL,1,0.0,2024-03-06,LAC,GSW
260,2024-03-04,BKN,1,1.0,2024-03-05,MEM,PHI
264,2024-03-04,SAC,1,0.0,2024-03-06,CHI,LAL
844,2024-03-04,POR,0,1.0,2024-03-06,MIN,OKC
846,2024-03-04,CHI,0,0.0,2024-03-06,SAC,UTA
845,2024-03-04,WAS,0,1.0,2024-03-06,UTA,ORL
843,2024-03-04,LAC,0,0.0,2024-03-06,MIL,HOU
842,2024-03-04,MEM,0,0.0,2024-03-06,BKN,PHI
847,2024-03-04,OKC,0,0.0,2024-03-06,LAL,POR
265,2024-03-04,LAL,1,1.0,2024-03-06,OKC,SAC
266,2024-03-05,CHA,1,0.0,2024-03-08,ORL,WAS
269,2024-03-05,MIA,1,0.0,2024-03-07,DET,DAL
268,2024-03-05,BKN,1,0.0,2024-03-07,PHI,DET
271,2024-03-05,TOR,1,0.0,2024-03-07,NOP,PHX
272,2024-03-05,HOU,1,1.0,2024-03-06,SAS,LAC
273,2024-03-05,DAL,1,1.0,2024-03-07,IND,MIA
274,2024-03-05,DEN,1,1.0,2024-03-07,PHX,BOS
856,2024-03-05,PHX,0,1.0,2024-03-07,DEN,TOR
270,2024-03-05,NYK,1,1.0,2024-03-08,ATL,ORL
855,2024-03-05,IND,0,1.0,2024-03-07,DAL,MIN
853,2024-03-05,NOP,0,0.0,2024-03-08,TOR,PHI
852,2024-03-05,ATL,0,1.0,2024-03-06,NYK,CLE
851,2024-03-05,DET,0,1.0,2024-03-07,MIA,BKN
850,2024-03-05,PHI,0,1.0,2024-03-06,BKN,MEM
849,2024-03-05,BOS,0,0.0,2024-03-07,CLE,DEN
848,2024-03-05,ORL,0,0.0,2024-03-06,CHA,WAS
854,2024-03-05,SAS,0,0.0,2024-03-07,HOU,SAC
267,2024-03-05,CLE,1,0.0,2024-03-06,BOS,ATL
277,2024-03-06,PHI,1,1.0,2024-03-08,MEM,NOP
275,2024-03-06,WAS,1,1.0,2024-03-08,ORL,CHA
278,2024-03-06,HOU,1,0.0,2024-03-08,LAC,POR
276,2024-03-06,ATL,1,0.0,2024-03-08,CLE,MEM
279,2024-03-06,UTA,1,0.0,2024-03-09,CHI,DEN
864,2024-03-06,SAC,0,1.0,2024-03-07,LAL,SAS
281,2024-03-06,POR,1,1.0,2024-03-08,OKC,HOU
282,2024-03-06,LAL,1,1.0,2024-03-08,SAC,MIL
863,2024-03-06,OKC,0,1.0,2024-03-08,POR,MIA
861,2024-03-06,CHI,0,0.0,2024-03-07,UTA,GSW
860,2024-03-06,LAC,0,1.0,2024-03-09,HOU,CHI
859,2024-03-06,MEM,0,1.0,2024-03-08,PHI,ATL
858,2024-03-06,CLE,0,1.0,2024-03-08,ATL,MIN
857,2024-03-06,ORL,0,0.0,2024-03-08,WAS,NYK
280,2024-03-06,GSW,1,1.0,2024-03-07,MIL,CHI
862,2024-03-06,MIL,0,0.0,2024-03-08,GSW,LAL
285,2024-03-07,DAL,1,0.0,2024-03-09,MIA,DET
286,2024-03-07,PHX,1,1.0,2024-03-09,TOR,BOS
289,2024-03-07,SAC,1,1.0,2024-03-10,SAS,HOU
869,2024-03-07,BOS,0,0.0,2024-03-09,DEN,PHX
287,2024-03-07,DEN,1,1.0,2024-03-09,BOS,UTA
871,2024-03-07,SAS,0,0.0,2024-03-09,SAC,GSW
870,2024-03-07,CHI,0,0.0,2024-03-09,GSW,LAC
284,2024-03-07,IND,1,0.0,2024-03-10,MIN,ORL
868,2024-03-07,TOR,0,0.0,2024-03-09,PHX,POR
867,2024-03-07,MIA,0,0.0,2024-03-08,DAL,OKC
866,2024-03-07,MIN,0,0.0,2024-03-08,IND,CLE
865,2024-03-07,BKN,0,0.0,2024-03-09,DET,CHA
288,2024-03-07,GSW,1,1.0,2024-03-09,CHI,SAS
283,2024-03-07,DET,1,1.0,2024-03-09,BKN,DAL
877,2024-03-08,MIA,0,1.0,2024-03-10,OKC,WAS
293,2024-03-08,MEM,1,0.0,2024-03-10,ATL,OKC
294,2024-03-08,NYK,1,1.0,2024-03-10,ORL,PHI
295,2024-03-08,OKC,1,1.0,2024-03-10,MIA,MEM
296,2024-03-08,LAL,1,1.0,2024-03-10,MIL,MIN
297,2024-03-08,POR,1,1.0,2024-03-09,HOU,TOR
290,2024-03-08,PHI,1,0.0,2024-03-10,NOP,NYK
879,2024-03-08,HOU,0,0.0,2024-03-10,POR,SAC
878,2024-03-08,MIL,0,0.0,2024-03-10,LAL,LAC
876,2024-03-08,ORL,0,1.0,2024-03-10,NYK,IND
875,2024-03-08,ATL,0,1.0,2024-03-10,MEM,NOP
874,2024-03-08,MIN,0,0.0,2024-03-10,CLE,LAL
873,2024-03-08,CHA,0,1.0,2024-03-09,WAS,BKN
872,2024-03-08,NOP,0,0.0,2024-03-10,PHI,ATL
292,2024-03-08,CLE,1,1.0,2024-03-10,MIN,BKN
291,2024-03-08,WAS,1,0.0,2024-03-10,CHA,MIA
300,2024-03-09,DET,1,1.0,2024-03-11,DAL,CHA
303,2024-03-09,DEN,1,1.0,2024-03-11,UTA,TOR
302,2024-03-09,PHX,1,0.0,2024-03-11,BOS,CLE
301,2024-03-09,GSW,1,0.0,2024-03-11,SAS,SAS
304,2024-03-09,POR,1,1.0,2024-03-11,TOR,BOS
299,2024-03-09,CHA,1,0.0,2024-03-11,BKN,DET
298,2024-03-09,LAC,1,1.0,2024-03-10,CHI,MIL
880,2024-03-09,CHI,0,1.0,2024-03-11,LAC,DAL
881,2024-03-09,BKN,0,0.0,2024-03-10,CHA,CLE
882,2024-03-09,DAL,0,0.0,2024-03-11,DET,CHI
883,2024-03-09,SAS,0,1.0,2024-03-11,GSW,GSW
884,2024-03-09,BOS,0,0.0,2024-03-11,PHX,POR
885,2024-03-09,UTA,0,1.0,2024-03-12,DEN,BOS
886,2024-03-09,TOR,0,0.0,2024-03-11,POR,DEN
887,2024-03-10,MIL,0,0.0,2024-03-12,LAC,SAC
893,2024-03-10,BKN,0,0.0,2024-03-13,CLE,ORL
892,2024-03-10,HOU,0,0.0,2024-03-12,SAC,SAS
891,2024-03-10,IND,0,0.0,2024-03-12,ORL,OKC
890,2024-03-10,PHI,0,0.0,2024-03-12,NYK,NYK
889,2024-03-10,WAS,0,0.0,2024-03-12,MIA,MEM
888,2024-03-10,NOP,0,1.0,2024-03-13,ATL,CLE
311,2024-03-10,CLE,1,1.0,2024-03-11,BKN,PHX
306,2024-03-10,ATL,1,0.0,2024-03-13,NOP,POR
894,2024-03-10,MEM,0,1.0,2024-03-12,OKC,WAS
307,2024-03-10,MIA,1,1.0,2024-03-13,WAS,DEN
308,2024-03-10,NYK,1,1.0,2024-03-12,PHI,PHI
309,2024-03-10,ORL,1,1.0,2024-03-13,IND,BKN
313,2024-03-10,LAL,1,0.0,2024-03-13,MIN,SAC
312,2024-03-10,OKC,1,1.0,2024-03-12,MEM,IND
305,2024-03-10,LAC,1,1.0,2024-03-12,MIL,MIN
895,2024-03-10,MIN,0,0.0,2024-03-12,LAL,LAC
310,2024-03-10,SAC,1,1.0,2024-03-12,HOU,MIL
896,2024-03-11,CHA,0,0.0,2024-03-13,DET,MEM
314,2024-03-11,DET,1,1.0,2024-03-13,CHA,TOR
317,2024-03-11,SAS,1,1.0,2024-03-12,GSW,HOU
318,2024-03-11,DEN,1,0.0,2024-03-13,TOR,MIA
319,2024-03-11,POR,1,1.0,2024-03-13,BOS,ATL
897,2024-03-11,PHX,0,0.0,2024-03-14,CLE,BOS
315,2024-03-11,CLE,1,0.0,2024-03-13,PHX,NOP
316,2024-03-11,CHI,1,0.0,2024-03-13,DAL,IND
901,2024-03-11,BOS,0,0.0,2024-03-12,POR,UTA
900,2024-03-11,TOR,0,0.0,2024-03-13,DEN,DET
899,2024-03-11,GSW,0,0.0,2024-03-13,SAS,DAL
898,2024-03-11,DAL,0,1.0,2024-03-13,CHI,GSW
323,2024-03-12,SAS,1,1.0,2024-03-15,HOU,DEN
324,2024-03-12,UTA,1,1.0,2024-03-15,BOS,ATL
320,2024-03-12,NYK,1,0.0,2024-03-14,PHI,POR
322,2024-03-12,OKC,1,1.0,2024-03-14,IND,DAL
321,2024-03-12,MEM,1,1.0,2024-03-13,WAS,CHA
326,2024-03-12,SAC,1,1.0,2024-03-13,MIL,LAL
908,2024-03-12,MIL,0,1.0,2024-03-14,SAC,PHI
907,2024-03-12,MIN,0,0.0,2024-03-16,LAC,UTA
906,2024-03-12,BOS,0,1.0,2024-03-14,UTA,PHX
905,2024-03-12,HOU,0,1.0,2024-03-14,SAS,WAS
904,2024-03-12,IND,0,1.0,2024-03-13,OKC,CHI
903,2024-03-12,WAS,0,0.0,2024-03-14,MEM,HOU
902,2024-03-12,PHI,0,0.0,2024-03-14,NYK,MIL
325,2024-03-12,LAC,1,0.0,2024-03-14,MIN,CHI
917,2024-03-13,LAL,0,1.0,2024-03-16,SAC,GSW
914,2024-03-13,CLE,0,0.0,2024-03-16,NOP,HOU
332,2024-03-13,NOP,1,1.0,2024-03-15,CLE,LAC
328,2024-03-13,ORL,1,0.0,2024-03-15,BKN,TOR
329,2024-03-13,IND,1,1.0,2024-03-16,CHI,BKN
330,2024-03-13,MIA,1,0.0,2024-03-15,DEN,DET
331,2024-03-13,MEM,1,1.0,2024-03-16,CHA,OKC
333,2024-03-13,DAL,1,0.0,2024-03-14,GSW,OKC
334,2024-03-13,POR,1,1.0,2024-03-14,ATL,NYK
335,2024-03-13,SAC,1,1.0,2024-03-16,LAL,NYK
913,2024-03-13,CHA,0,1.0,2024-03-15,MEM,PHX
912,2024-03-13,DEN,0,0.0,2024-03-15,MIA,SAS
915,2024-03-13,GSW,0,0.0,2024-03-16,DAL,LAL
911,2024-03-13,CHI,0,1.0,2024-03-14,IND,LAC
910,2024-03-13,BKN,0,0.0,2024-03-16,ORL,IND
909,2024-03-13,TOR,0,1.0,2024-03-15,DET,ORL
327,2024-03-13,DET,1,1.0,2024-03-15,TOR,MIA
916,2024-03-13,ATL,0,0.0,2024-03-15,POR,UTA
338,2024-03-14,HOU,1,1.0,2024-03-16,WAS,CLE
337,2024-03-14,CHI,1,1.0,2024-03-16,LAC,WAS
339,2024-03-14,MIL,1,1.0,2024-03-17,PHI,PHX
340,2024-03-14,OKC,1,0.0,2024-03-16,DAL,MEM
341,2024-03-14,POR,1,0.0,2024-03-16,NYK,NOP
923,2024-03-14,NYK,0,0.0,2024-03-16,POR,SAC
922,2024-03-14,DAL,0,1.0,2024-03-17,OKC,DEN
920,2024-03-14,WAS,0,0.0,2024-03-16,HOU,CHI
919,2024-03-14,LAC,0,0.0,2024-03-15,CHI,NOP
918,2024-03-14,PHX,0,0.0,2024-03-15,BOS,CHA
336,2024-03-14,BOS,1,0.0,2024-03-17,PHX,WAS
921,2024-03-14,PHI,0,1.0,2024-03-16,MIL,CHA
928,2024-03-15,DEN,0,0.0,2024-03-17,SAS,DAL
343,2024-03-15,DET,1,1.0,2024-03-17,MIA,MIA
344,2024-03-15,TOR,1,0.0,2024-03-17,ORL,ORL
345,2024-03-15,NOP,1,1.0,2024-03-16,LAC,POR
346,2024-03-15,SAS,1,1.0,2024-03-17,DEN,BKN
347,2024-03-15,UTA,1,1.0,2024-03-16,ATL,MIN
929,2024-03-15,ATL,0,0.0,2024-03-17,UTA,LAC
927,2024-03-15,LAC,0,1.0,2024-03-17,NOP,ATL
926,2024-03-15,ORL,0,1.0,2024-03-17,TOR,TOR
925,2024-03-15,MIA,0,0.0,2024-03-17,DET,DET
924,2024-03-15,PHX,0,0.0,2024-03-17,CHA,MIL
342,2024-03-15,CHA,1,0.0,2024-03-16,PHX,PHI
938,2024-03-16,NYK,0,0.0,2024-03-18,SAC,GSW
936,2024-03-16,GSW,0,1.0,2024-03-18,LAL,NYK
349,2024-03-16,IND,1,1.0,2024-03-18,BKN,CLE
350,2024-03-16,NOP,1,0.0,2024-03-19,POR,BKN
351,2024-03-16,PHI,1,1.0,2024-03-18,CHA,MIA
352,2024-03-16,CHI,1,1.0,2024-03-18,WAS,POR
353,2024-03-16,MEM,1,0.0,2024-03-18,OKC,SAC
354,2024-03-16,LAL,1,1.0,2024-03-18,GSW,ATL
355,2024-03-16,UTA,1,1.0,2024-03-18,MIN,MIN
937,2024-03-16,MIN,0,0.0,2024-03-18,UTA,UTA
935,2024-03-16,OKC,0,1.0,2024-03-20,MEM,UTA
934,2024-03-16,WAS,0,1.0,2024-03-17,CHI,BOS
933,2024-03-16,CHA,0,0.0,2024-03-19,PHI,ORL
932,2024-03-16,POR,0,0.0,2024-03-18,NOP,CHI
931,2024-03-16,BKN,0,0.0,2024-03-17,IND,SAS
930,2024-03-16,CLE,0,0.0,2024-03-18,HOU,IND
348,2024-03-16,HOU,1,0.0,2024-03-19,CLE,WAS
356,2024-03-16,SAC,1,1.0,2024-03-18,NYK,MEM
939,2024-03-17,PHX,0,1.0,2024-03-20,MIL,PHI
941,2024-03-17,DEN,0,0.0,2024-03-19,DAL,MIN
940,2024-03-17,MIA,0,0.0,2024-03-18,DET,PHI
363,2024-03-17,LAC,1,0.0,2024-03-20,ATL,POR
362,2024-03-17,SAS,1,1.0,2024-03-19,BKN,DAL
361,2024-03-17,WAS,1,1.0,2024-03-19,BOS,HOU
360,2024-03-17,ORL,1,1.0,2024-03-19,TOR,CHA
359,2024-03-17,DAL,1,0.0,2024-03-19,DEN,SAS
357,2024-03-17,MIL,1,0.0,2024-03-20,PHX,BOS
358,2024-03-17,DET,1,0.0,2024-03-18,MIA,BOS
944,2024-03-17,BKN,0,1.0,2024-03-19,SAS,NOP
942,2024-03-17,TOR,0,1.0,2024-03-20,ORL,SAC
943,2024-03-17,BOS,0,1.0,2024-03-18,WAS,DET
945,2024-03-17,ATL,0,0.0,2024-03-18,LAC,LAL
371,2024-03-18,LAL,1,1.0,2024-03-22,ATL,PHI
370,2024-03-18,SAC,1,0.0,2024-03-20,MEM,TOR
369,2024-03-18,GSW,1,1.0,2024-03-20,NYK,MEM
368,2024-03-18,UTA,1,0.0,2024-03-20,MIN,OKC
367,2024-03-18,CHI,1,0.0,2024-03-21,POR,HOU
366,2024-03-18,PHI,1,0.0,2024-03-20,MIA,PHX
365,2024-03-18,BOS,1,1.0,2024-03-20,DET,MIL
364,2024-03-18,IND,1,0.0,2024-03-20,CLE,DET
949,2024-03-18,POR,0,1.0,2024-03-20,CHI,LAC
946,2024-03-18,CLE,0,1.0,2024-03-20,IND,MIA
947,2024-03-18,DET,0,1.0,2024-03-20,BOS,IND
948,2024-03-18,MIA,0,0.0,2024-03-20,PHI,CLE
950,2024-03-18,MIN,0,1.0,2024-03-19,UTA,DEN
952,2024-03-18,MEM,0,0.0,2024-03-20,SAC,GSW
953,2024-03-18,ATL,0,0.0,2024-03-21,LAL,PHX
951,2024-03-18,NYK,0,0.0,2024-03-21,GSW,DEN
955,2024-03-19,HOU,0,1.0,2024-03-21,WAS,CHI
954,2024-03-19,CHA,0,0.0,2024-03-23,ORL,ATL
958,2024-03-19,DEN,0,1.0,2024-03-21,MIN,NYK
372,2024-03-19,ORL,1,1.0,2024-03-21,CHA,NOP
373,2024-03-19,WAS,1,1.0,2024-03-21,HOU,SAC
956,2024-03-19,NOP,0,0.0,2024-03-21,BKN,ORL
374,2024-03-19,BKN,1,0.0,2024-03-21,NOP,MIL
376,2024-03-19,MIN,1,1.0,2024-03-22,DEN,CLE
375,2024-03-19,SAS,1,1.0,2024-03-22,DAL,MEM
957,2024-03-19,DAL,0,1.0,2024-03-21,SAS,UTA
959,2024-03-20,MIA,0,1.0,2024-03-22,CLE,NOP
960,2024-03-20,IND,0,0.0,2024-03-22,DET,GSW
961,2024-03-20,MIL,0,1.0,2024-03-21,BOS,BKN
962,2024-03-20,SAC,0,0.0,2024-03-21,TOR,WAS
963,2024-03-20,UTA,0,0.0,2024-03-21,OKC,DAL
964,2024-03-20,MEM,0,0.0,2024-03-22,GSW,SAS
966,2024-03-20,LAC,0,0.0,2024-03-22,POR,POR
377,2024-03-20,CLE,1,0.0,2024-03-22,MIA,MIN
378,2024-03-20,DET,1,1.0,2024-03-22,IND,BOS
384,2024-03-20,POR,1,1.0,2024-03-22,LAC,LAC
383,2024-03-20,PHX,1,1.0,2024-03-21,PHI,ATL
382,2024-03-20,GSW,1,1.0,2024-03-22,MEM,IND
381,2024-03-20,OKC,1,0.0,2024-03-22,UTA,TOR
380,2024-03-20,TOR,1,1.0,2024-03-22,SAC,OKC
965,2024-03-20,PHI,0,0.0,2024-03-22,PHX,LAL
379,2024-03-20,BOS,1,0.0,2024-03-22,MIL,DET
967,2024-03-21,NOP,0,0.0,2024-03-22,ORL,MIA
973,2024-03-21,ATL,0,1.0,2024-03-23,PHX,CHA
391,2024-03-21,PHX,1,0.0,2024-03-23,ATL,SAS
390,2024-03-21,DEN,1,0.0,2024-03-23,NYK,POR
972,2024-03-21,NYK,0,1.0,2024-03-23,DEN,BKN
388,2024-03-21,MIL,1,1.0,2024-03-24,BKN,OKC
387,2024-03-21,HOU,1,1.0,2024-03-23,CHI,UTA
389,2024-03-21,DAL,1,0.0,2024-03-25,UTA,UTA
385,2024-03-21,ORL,1,1.0,2024-03-23,NOP,SAC
971,2024-03-21,UTA,0,0.0,2024-03-23,DAL,HOU
970,2024-03-21,BKN,0,0.0,2024-03-23,MIL,NYK
969,2024-03-21,CHI,0,1.0,2024-03-23,HOU,BOS
968,2024-03-21,SAC,0,0.0,2024-03-23,WAS,ORL
386,2024-03-21,WAS,1,1.0,2024-03-23,SAC,TOR
978,2024-03-22,MEM,0,0.0,2024-03-25,SAS,DEN
977,2024-03-22,CLE,0,0.0,2024-03-24,MIN,MIA
976,2024-03-22,NOP,0,0.0,2024-03-24,MIA,DET
975,2024-03-22,OKC,0,0.0,2024-03-24,TOR,MIL
974,2024-03-22,BOS,0,0.0,2024-03-23,DET,CHI
981,2024-03-22,PHI,0,0.0,2024-03-24,LAL,LAC
398,2024-03-22,POR,1,1.0,2024-03-23,LAC,DEN
399,2024-03-22,LAL,1,1.0,2024-03-24,PHI,IND
979,2024-03-22,IND,0,0.0,2024-03-24,GSW,LAL
397,2024-03-22,GSW,1,0.0,2024-03-24,IND,MIN
396,2024-03-22,SAS,1,1.0,2024-03-23,MEM,PHX
395,2024-03-22,MIN,1,1.0,2024-03-24,CLE,GSW
394,2024-03-22,MIA,1,1.0,2024-03-24,NOP,CLE
393,2024-03-22,TOR,1,0.0,2024-03-23,OKC,WAS
392,2024-03-22,DET,1,1.0,2024-03-24,BOS,NOP
980,2024-03-22,LAC,0,1.0,2024-03-24,POR,PHI
987,2024-03-23,PHX,0,0.0,2024-03-25,SAS,SAS
986,2024-03-23,UTA,0,1.0,2024-03-25,HOU,DAL
985,2024-03-23,BOS,0,0.0,2024-03-25,CHI,ATL
984,2024-03-23,CHA,0,0.0,2024-03-25,ATL,CLE
983,2024-03-23,SAC,0,1.0,2024-03-25,ORL,PHI
982,2024-03-23,BKN,0,0.0,2024-03-25,NYK,TOR
988,2024-03-23,TOR,0,1.0,2024-03-25,WAS,BKN
403,2024-03-23,CHI,1,1.0,2024-03-25,BOS,WAS
406,2024-03-23,WAS,1,0.0,2024-03-25,TOR,CHI
405,2024-03-23,SAS,1,1.0,2024-03-25,PHX,PHX
404,2024-03-23,HOU,1,1.0,2024-03-25,UTA,POR
989,2024-03-23,DEN,0,1.0,2024-03-25,POR,MEM
402,2024-03-23,ATL,1,1.0,2024-03-25,CHA,BOS
401,2024-03-23,ORL,1,1.0,2024-03-27,SAC,GSW
400,2024-03-23,NYK,1,1.0,2024-03-25,BKN,DET
407,2024-03-23,POR,1,0.0,2024-03-25,DEN,HOU
990,2024-03-24,NOP,0,1.0,2024-03-26,DET,OKC
995,2024-03-24,IND,0,0.0,2024-03-25,LAL,LAC
992,2024-03-24,CLE,0,1.0,2024-03-25,MIA,CHA
993,2024-03-24,OKC,0,0.0,2024-03-26,MIL,NOP
994,2024-03-24,GSW,0,0.0,2024-03-26,MIN,MIA
408,2024-03-24,DET,1,0.0,2024-03-25,NOP,NYK
409,2024-03-24,LAC,1,1.0,2024-03-25,PHI,IND
410,2024-03-24,MIA,1,1.0,2024-03-26,CLE,GSW
411,2024-03-24,MIL,1,1.0,2024-03-26,OKC,LAL
412,2024-03-24,MIN,1,1.0,2024-03-27,GSW,DET
413,2024-03-24,LAL,1,0.0,2024-03-26,IND,MIL
991,2024-03-24,PHI,0,0.0,2024-03-25,LAC,SAC
424,2024-03-25,LAC,1,0.0,2024-03-27,IND,PHI
416,2024-03-25,NYK,1,0.0,2024-03-27,DET,TOR
417,2024-03-25,TOR,1,1.0,2024-03-27,BKN,NYK
418,2024-03-25,CHI,1,1.0,2024-03-27,WAS,IND
419,2024-03-25,HOU,1,0.0,2024-03-27,POR,OKC
420,2024-03-25,SAS,1,0.0,2024-03-27,PHX,UTA
421,2024-03-25,DEN,1,1.0,2024-03-27,MEM,PHX
422,2024-03-25,UTA,1,1.0,2024-03-27,DAL,SAS
423,2024-03-25,SAC,1,1.0,2024-03-26,PHI,DAL
415,2024-03-25,ATL,1,1.0,2024-03-27,BOS,POR
414,2024-03-25,CLE,1,0.0,2024-03-27,CHA,CHA
996,2024-03-25,CHA,0,1.0,2024-03-27,CLE,CLE
1004,2024-03-25,DAL,0,0.0,2024-03-26,UTA,SAC
997,2024-03-25,BOS,0,0.0,2024-03-28,ATL,ATL
998,2024-03-25,DET,0,0.0,2024-03-27,NYK,MIN
999,2024-03-25,BKN,0,0.0,2024-03-27,TOR,WAS
1000,2024-03-25,WAS,0,1.0,2024-03-27,CHI,BKN
1001,2024-03-25,POR,0,0.0,2024-03-27,HOU,ATL
1002,2024-03-25,PHX,0,0.0,2024-03-27,SAS,DEN
1003,2024-03-25,MEM,0,1.0,2024-03-27,DEN,LAL
1005,2024-03-25,PHI,0,1.0,2024-03-27,SAC,LAC
1006,2024-03-25,IND,0,0.0,2024-03-27,LAC,CHI
1008,2024-03-26,LAL,0,0.0,2024-03-27,MIL,MEM
425,2024-03-26,MIA,1,1.0,2024-03-29,GSW,POR
426,2024-03-26,MIL,1,0.0,2024-03-28,LAL,NOP
428,2024-03-26,SAC,1,1.0,2024-03-29,DAL,DAL
1007,2024-03-26,GSW,0,0.0,2024-03-27,MIA,ORL
1009,2024-03-26,OKC,0,1.0,2024-03-27,NOP,HOU
427,2024-03-26,NOP,1,1.0,2024-03-28,OKC,MIL
1010,2024-03-26,DAL,0,0.0,2024-03-29,SAC,SAC
431,2024-03-27,WAS,1,1.0,2024-03-29,BKN,DET
1012,2024-03-27,GSW,0,0.0,2024-03-29,ORL,CHA
1013,2024-03-27,BKN,0,1.0,2024-03-29,WAS,CHI
1014,2024-03-27,POR,0,0.0,2024-03-29,ATL,MIA
1015,2024-03-27,LAC,0,0.0,2024-03-29,PHI,ORL
1016,2024-03-27,NYK,0,0.0,2024-03-29,TOR,SAS
1011,2024-03-27,CLE,0,1.0,2024-03-29,CHA,PHI
1017,2024-03-27,IND,0,1.0,2024-03-29,CHI,LAL
434,2024-03-27,TOR,1,1.0,2024-03-31,NYK,PHI
430,2024-03-27,ORL,1,1.0,2024-03-29,GSW,LAC
1020,2024-03-27,HOU,0,0.0,2024-03-29,OKC,UTA
432,2024-03-27,ATL,1,1.0,2024-03-28,POR,BOS
433,2024-03-27,PHI,1,0.0,2024-03-29,LAC,CLE
1018,2024-03-27,LAL,0,0.0,2024-03-29,MEM,IND
435,2024-03-27,CHI,1,0.0,2024-03-29,IND,BKN
436,2024-03-27,MEM,1,0.0,2024-03-30,LAL,ORL
437,2024-03-27,MIN,1,0.0,2024-03-29,DET,DEN
438,2024-03-27,OKC,1,1.0,2024-03-29,HOU,PHX
439,2024-03-27,UTA,1,1.0,2024-03-29,SAS,HOU
440,2024-03-27,DEN,1,1.0,2024-03-29,PHX,MIN
1021,2024-03-27,SAS,0,1.0,2024-03-29,UTA,NYK
1022,2024-03-27,PHX,0,0.0,2024-03-29,DEN,OKC
429,2024-03-27,CHA,1,1.0,2024-03-29,CLE,GSW
1019,2024-03-27,DET,0,0.0,2024-03-29,MIN,WAS
1024,2024-03-28,MIL,0,0.0,2024-03-30,NOP,ATL
441,2024-03-28,ATL,1,1.0,2024-03-30,BOS,MIL
442,2024-03-28,NOP,1,1.0,2024-03-30,MIL,BOS
1023,2024-03-28,BOS,0,0.0,2024-03-30,ATL,NOP
454,2024-03-29,SAC,1,1.0,2024-03-31,DAL,UTA
1033,2024-03-29,NYK,0,1.0,2024-03-31,SAS,OKC
1026,2024-03-29,LAL,0,0.0,2024-03-31,IND,BKN
453,2024-03-29,UTA,1,0.0,2024-03-31,HOU,SAC
451,2024-03-29,SAS,1,1.0,2024-03-31,NYK,GSW
450,2024-03-29,OKC,1,0.0,2024-03-31,PHX,NYK
449,2024-03-29,MIA,1,0.0,2024-03-31,POR,WAS
448,2024-03-29,CLE,1,0.0,2024-03-31,PHI,DEN
447,2024-03-29,BKN,1,1.0,2024-03-31,CHI,LAL
446,2024-03-29,WAS,1,1.0,2024-03-31,DET,MIA
445,2024-03-29,ORL,1,1.0,2024-03-30,LAC,MEM
444,2024-03-29,IND,1,1.0,2024-04-01,LAL,BKN
443,2024-03-29,CHA,1,1.0,2024-03-31,GSW,LAC
1025,2024-03-29,GSW,0,0.0,2024-03-31,CHA,SAS
452,2024-03-29,DEN,1,1.0,2024-03-31,MIN,CLE
1036,2024-03-29,DAL,0,0.0,2024-03-31,SAC,HOU
1035,2024-03-29,HOU,0,1.0,2024-03-31,UTA,DAL
1034,2024-03-29,MIN,0,1.0,2024-03-31,DEN,CHI
1032,2024-03-29,PHX,0,0.0,2024-04-01,OKC,NOP
1031,2024-03-29,POR,0,0.0,2024-04-01,MIA,ORL
1030,2024-03-29,PHI,0,0.0,2024-03-31,CLE,TOR
1029,2024-03-29,CHI,0,0.0,2024-03-31,BKN,MIN
1028,2024-03-29,DET,0,1.0,2024-04-01,WAS,MEM
1027,2024-03-29,LAC,0,0.0,2024-03-31,ORL,CHA
1037,2024-03-30,BOS,0,0.0,2024-04-01,NOP,CHA
457,2024-03-30,ATL,1,0.0,2024-04-01,MIL,CHI
455,2024-03-30,NOP,1,1.0,2024-04-01,BOS,PHX
456,2024-03-30,ORL,1,1.0,2024-04-01,MEM,POR
1038,2024-03-30,MEM,0,0.0,2024-04-01,ORL,DET
1039,2024-03-30,MIL,0,0.0,2024-04-02,ATL,WAS
467,2024-03-31,SAC,1,1.0,2024-04-02,UTA,LAC
459,2024-03-31,BKN,1,0.0,2024-04-01,LAL,IND
1040,2024-03-31,CLE,0,0.0,2024-04-02,DEN,UTA
1041,2024-03-31,LAL,0,0.0,2024-04-02,BKN,TOR
1042,2024-03-31,LAC,0,0.0,2024-04-02,CHA,SAC
1043,2024-03-31,PHI,0,1.0,2024-04-02,TOR,OKC
1044,2024-03-31,MIA,0,1.0,2024-04-02,WAS,NYK
1045,2024-03-31,DAL,0,1.0,2024-04-02,HOU,GSW
1046,2024-03-31,CHI,0,1.0,2024-04-01,MIN,ATL
1047,2024-03-31,OKC,0,0.0,2024-04-02,NYK,PHI
1048,2024-03-31,GSW,0,0.0,2024-04-02,SAS,DAL
458,2024-03-31,DEN,1,1.0,2024-04-02,CLE,SAS
1049,2024-03-31,UTA,0,1.0,2024-04-02,SAC,CLE
466,2024-03-31,SAS,1,0.0,2024-04-02,GSW,DEN
465,2024-03-31,NYK,1,0.0,2024-04-02,OKC,MIA
464,2024-03-31,MIN,1,1.0,2024-04-02,CHI,HOU
463,2024-03-31,HOU,1,0.0,2024-04-02,DAL,MIN
462,2024-03-31,WAS,1,1.0,2024-04-02,MIA,MIL
461,2024-03-31,TOR,1,1.0,2024-04-02,PHI,LAL
460,2024-03-31,CHA,1,1.0,2024-04-01,LAC,BOS
1051,2024-04-01,MEM,0,0.0,2024-04-03,DET,MIL
1053,2024-04-01,POR,0,0.0,2024-04-03,ORL,CHA
1050,2024-04-01,BOS,0,1.0,2024-04-03,CHA,OKC
1052,2024-04-01,BKN,0,1.0,2024-04-03,IND,IND
1055,2024-04-01,PHX,0,1.0,2024-04-03,NOP,CLE
472,2024-04-01,CHI,1,1.0,2024-04-05,ATL,NYK
470,2024-04-01,IND,1,0.0,2024-04-03,BKN,BKN
471,2024-04-01,ORL,1,0.0,2024-04-03,POR,NOP
473,2024-04-01,NOP,1,1.0,2024-04-03,PHX,ORL
469,2024-04-01,DET,1,0.0,2024-04-03,MEM,ATL
468,2024-04-01,CHA,1,1.0,2024-04-03,BOS,POR
1054,2024-04-01,ATL,0,1.0,2024-04-03,CHI,DET
479,2024-04-02,MIN,1,1.0,2024-04-03,HOU,TOR
478,2024-04-02,MIA,1,1.0,2024-04-04,NYK,PHI
481,2024-04-02,UTA,1,0.0,2024-04-05,CLE,LAC
476,2024-04-02,WAS,1,1.0,2024-04-03,MIL,LAL
475,2024-04-02,TOR,1,0.0,2024-04-03,LAL,MIN
474,2024-04-02,PHI,1,0.0,2024-04-04,OKC,MIA
482,2024-04-02,SAC,1,0.0,2024-04-04,LAC,NYK
1056,2024-04-02,OKC,0,0.0,2024-04-03,PHI,BOS
480,2024-04-02,DEN,1,0.0,2024-04-04,SAS,LAC
477,2024-04-02,DAL,1,1.0,2024-04-05,GSW,ATL
1057,2024-04-02,LAL,0,0.0,2024-04-03,TOR,WAS
1061,2024-04-02,HOU,0,1.0,2024-04-04,MIN,GSW
1063,2024-04-02,CLE,0,0.0,2024-04-03,UTA,PHX
1062,2024-04-02,SAS,0,0.0,2024-04-05,DEN,NOP
1060,2024-04-02,NYK,0,1.0,2024-04-04,MIA,SAC
1058,2024-04-02,MIL,0,1.0,2024-04-03,WAS,MEM
1059,2024-04-02,GSW,0,0.0,2024-04-04,DAL,HOU
1064,2024-04-02,LAC,0,1.0,2024-04-04,SAC,DEN
1066,2024-04-03,LAL,0,1.0,2024-04-06,WAS,CLE
1067,2024-04-03,DET,0,0.0,2024-04-05,ATL,MEM
1068,2024-04-03,OKC,0,0.0,2024-04-05,BOS,IND
1069,2024-04-03,IND,0,1.0,2024-04-05,BKN,OKC
1070,2024-04-03,MEM,0,1.0,2024-04-05,MIL,DET
1071,2024-04-03,TOR,0,0.0,2024-04-05,MIN,MIL
1072,2024-04-03,ORL,0,0.0,2024-04-05,NOP,CHA
1073,2024-04-03,CLE,0,0.0,2024-04-06,PHX,LAL
491,2024-04-03,PHX,1,1.0,2024-04-05,CLE,MIN
490,2024-04-03,NOP,1,1.0,2024-04-05,ORL,SAS
483,2024-04-03,CHA,1,1.0,2024-04-05,POR,ORL
1065,2024-04-03,POR,0,0.0,2024-04-05,CHA,WAS
484,2024-04-03,WAS,1,1.0,2024-04-05,LAL,POR
485,2024-04-03,ATL,1,0.0,2024-04-05,DET,DAL
486,2024-04-03,BOS,1,1.0,2024-04-05,OKC,SAC
487,2024-04-03,BKN,1,1.0,2024-04-06,IND,DET
488,2024-04-03,MIL,1,1.0,2024-04-05,MEM,TOR
489,2024-04-03,MIN,1,0.0,2024-04-05,TOR,PHX
494,2024-04-04,HOU,1,1.0,2024-04-05,GSW,MIA
495,2024-04-04,LAC,1,1.0,2024-04-05,DEN,UTA
492,2024-04-04,MIA,1,0.0,2024-04-05,PHI,HOU
493,2024-04-04,NYK,1,0.0,2024-04-05,SAC,CHI
1074,2024-04-04,PHI,0,0.0,2024-04-06,MIA,MEM
1075,2024-04-04,SAC,0,0.0,2024-04-05,NYK,BOS
1077,2024-04-04,DEN,0,1.0,2024-04-06,LAC,ATL
1076,2024-04-04,GSW,0,1.0,2024-04-07,HOU,UTA
500,2024-04-05,CHI,1,0.0,2024-04-07,NYK,ORL
501,2024-04-05,HOU,1,0.0,2024-04-07,MIA,DAL
502,2024-04-05,MEM,1,1.0,2024-04-06,DET,PHI
503,2024-04-05,MIL,1,1.0,2024-04-07,TOR,NYK
504,2024-04-05,NOP,1,0.0,2024-04-07,SAS,PHX
505,2024-04-05,DAL,1,1.0,2024-04-07,ATL,HOU
506,2024-04-05,PHX,1,1.0,2024-04-07,MIN,NOP
507,2024-04-05,LAC,1,1.0,2024-04-07,UTA,CLE
497,2024-04-05,IND,1,1.0,2024-04-07,OKC,MIA
496,2024-04-05,CHA,1,1.0,2024-04-07,ORL,OKC
499,2024-04-05,BOS,1,1.0,2024-04-07,SAC,POR
1078,2024-04-05,ORL,0,1.0,2024-04-07,CHA,CHI
498,2024-04-05,WAS,1,0.0,2024-04-07,POR,TOR
1080,2024-04-05,POR,0,0.0,2024-04-07,WAS,BOS
1089,2024-04-05,UTA,0,0.0,2024-04-07,LAC,GSW
1088,2024-04-05,MIN,0,0.0,2024-04-07,PHX,LAL
1087,2024-04-05,ATL,0,0.0,2024-04-06,DAL,DEN
1086,2024-04-05,SAS,0,1.0,2024-04-07,NOP,PHI
1079,2024-04-05,OKC,0,0.0,2024-04-07,IND,CHA
1085,2024-04-05,TOR,0,1.0,2024-04-07,MIL,WAS
1084,2024-04-05,DET,0,0.0,2024-04-06,MEM,BKN
1083,2024-04-05,MIA,0,0.0,2024-04-07,HOU,IND
1082,2024-04-05,NYK,0,0.0,2024-04-07,CHI,MIL
1081,2024-04-05,SAC,0,0.0,2024-04-07,BOS,BKN
509,2024-04-06,BKN,1,1.0,2024-04-07,DET,SAC
508,2024-04-06,LAL,1,1.0,2024-04-07,CLE,MIN
511,2024-04-06,DEN,1,0.0,2024-04-09,ATL,UTA
1090,2024-04-06,CLE,0,0.0,2024-04-07,LAL,LAC
1091,2024-04-06,DET,0,0.0,2024-04-09,BKN,PHI
1092,2024-04-06,PHI,0,0.0,2024-04-07,MEM,SAS
510,2024-04-06,MEM,1,1.0,2024-04-09,PHI,SAS
1093,2024-04-06,ATL,0,1.0,2024-04-09,DEN,MIA
523,2024-04-07,GSW,1,0.0,2024-04-09,UTA,LAL
513,2024-04-07,LAC,1,0.0,2024-04-09,CLE,PHX
1100,2024-04-07,NOP,0,0.0,2024-04-09,PHX,POR
1101,2024-04-07,WAS,0,0.0,2024-04-09,TOR,MIN
1102,2024-04-07,NYK,0,0.0,2024-04-09,MIL,CHI
1103,2024-04-07,PHI,0,1.0,2024-04-09,SAS,DET
1104,2024-04-07,SAC,0,0.0,2024-04-09,BKN,OKC
1105,2024-04-07,UTA,0,1.0,2024-04-09,GSW,DEN
1106,2024-04-07,MIN,0,1.0,2024-04-09,LAL,WAS
512,2024-04-07,DAL,1,0.0,2024-04-09,HOU,CHA
1097,2024-04-07,POR,0,1.0,2024-04-09,BOS,NOP
1096,2024-04-07,MIA,0,0.0,2024-04-09,IND,ATL
1099,2024-04-07,CHI,0,1.0,2024-04-09,ORL,NYK
1095,2024-04-07,CLE,0,1.0,2024-04-10,LAC,MEM
524,2024-04-07,LAL,1,1.0,2024-04-09,MIN,GSW
522,2024-04-07,BKN,1,1.0,2024-04-10,SAC,TOR
521,2024-04-07,SAS,1,0.0,2024-04-09,PHI,MEM
520,2024-04-07,MIL,1,1.0,2024-04-09,NYK,BOS
519,2024-04-07,TOR,1,1.0,2024-04-09,WAS,IND
518,2024-04-07,PHX,1,1.0,2024-04-09,NOP,LAC
517,2024-04-07,ORL,1,0.0,2024-04-09,CHI,HOU
516,2024-04-07,CHA,1,1.0,2024-04-09,OKC,DAL
515,2024-04-07,BOS,1,0.0,2024-04-09,POR,MIL
514,2024-04-07,IND,1,0.0,2024-04-09,MIA,TOR
1094,2024-04-07,HOU,0,1.0,2024-04-09,DAL,ORL
1098,2024-04-07,OKC,0,1.0,2024-04-09,CHA,SAC
1107,2024-04-09,DAL,0,0.0,2024-04-10,CHA,MIA
1109,2024-04-09,IND,0,0.0,2024-04-12,TOR,CLE
1111,2024-04-09,BOS,0,1.0,2024-04-11,MIL,NYK
1112,2024-04-09,NYK,0,0.0,2024-04-11,CHI,BOS
1108,2024-04-09,DET,0,1.0,2024-04-11,PHI,CHI
1110,2024-04-09,MIA,0,1.0,2024-04-10,ATL,DAL
1114,2024-04-09,SAS,0,0.0,2024-04-10,MEM,OKC
1116,2024-04-09,SAC,0,1.0,2024-04-11,OKC,NOP
536,2024-04-09,LAL,1,0.0,2024-04-12,GSW,MEM
537,2024-04-09,PHX,1,0.0,2024-04-10,LAC,LAC
538,2024-04-09,POR,1,1.0,2024-04-11,NOP,GSW
1115,2024-04-09,WAS,0,1.0,2024-04-12,MIN,CHI
533,2024-04-09,MIN,1,0.0,2024-04-10,WAS,DEN
532,2024-04-09,MEM,1,0.0,2024-04-10,SAS,CLE
531,2024-04-09,HOU,1,0.0,2024-04-11,ORL,UTA
530,2024-04-09,CHI,1,0.0,2024-04-11,NYK,DET
535,2024-04-09,UTA,1,1.0,2024-04-11,DEN,HOU
529,2024-04-09,MIL,1,1.0,2024-04-10,BOS,ORL
528,2024-04-09,ATL,1,1.0,2024-04-10,MIA,CHA
527,2024-04-09,TOR,1,0.0,2024-04-10,IND,BKN
526,2024-04-09,PHI,1,1.0,2024-04-12,DET,ORL
525,2024-04-09,CHA,1,0.0,2024-04-10,DAL,ATL
1113,2024-04-09,ORL,0,0.0,2024-04-10,HOU,MIL
534,2024-04-09,OKC,1,1.0,2024-04-10,SAC,SAS
1117,2024-04-09,DEN,0,1.0,2024-04-10,UTA,MIN
1118,2024-04-09,GSW,0,0.0,2024-04-11,LAL,POR
1119,2024-04-09,LAC,0,1.0,2024-04-10,PHX,PHX
1120,2024-04-09,NOP,0,0.0,2024-04-11,POR,SAC
546,2024-04-10,LAC,1,1.0,2024-04-12,PHX,UTA
543,2024-04-10,MIL,1,0.0,2024-04-12,ORL,OKC
542,2024-04-10,MIA,1,1.0,2024-04-12,DAL,TOR
541,2024-04-10,BKN,1,0.0,2024-04-12,TOR,NYK
540,2024-04-10,ATL,1,0.0,2024-04-12,CHA,MIN
539,2024-04-10,CLE,1,1.0,2024-04-12,MEM,IND
1122,2024-04-10,CHA,0,0.0,2024-04-12,ATL,BOS
545,2024-04-10,DEN,1,0.0,2024-04-12,MIN,SAS
1123,2024-04-10,TOR,0,0.0,2024-04-12,BKN,MIA
1124,2024-04-10,DAL,0,1.0,2024-04-12,MIA,DET
1125,2024-04-10,ORL,0,0.0,2024-04-12,MIL,PHI
1126,2024-04-10,SAS,0,1.0,2024-04-12,OKC,DEN
1127,2024-04-10,MIN,0,1.0,2024-04-12,DEN,ATL
1128,2024-04-10,PHX,0,0.0,2024-04-12,LAC,SAC
1121,2024-04-10,MEM,0,1.0,2024-04-12,CLE,LAL
544,2024-04-10,OKC,1,1.0,2024-04-12,SAS,MIL
1132,2024-04-11,GSW,0,1.0,2024-04-12,POR,NOP
548,2024-04-11,BOS,1,1.0,2024-04-12,NYK,CHA
1131,2024-04-11,HOU,0,0.0,2024-04-12,UTA,POR
550,2024-04-11,POR,1,1.0,2024-04-12,GSW,HOU
551,2024-04-11,SAC,1,1.0,2024-04-12,NOP,PHX
1129,2024-04-11,CHI,0,0.0,2024-04-12,DET,WAS
1130,2024-04-11,NYK,0,1.0,2024-04-12,BOS,BKN
1133,2024-04-11,NOP,0,0.0,2024-04-12,SAC,GSW
547,2024-04-11,DET,1,0.0,2024-04-12,CHI,DAL
549,2024-04-11,UTA,1,0.0,2024-04-12,HOU,LAC
1144,2024-04-12,DET,0,0.0,2024-04-14,DAL,SAS
1142,2024-04-12,MIL,0,0.0,2024-04-14,OKC,ORL
1141,2024-04-12,ATL,0,0.0,2024-04-14,MIN,IND
1140,2024-04-12,TOR,0,0.0,2024-04-14,MIA,MIA
1138,2024-04-12,BKN,0,0.0,2024-04-14,NYK,PHI
1137,2024-04-12,IND,0,1.0,2024-04-14,CLE,ATL
1136,2024-04-12,CHA,0,0.0,2024-04-14,BOS,CLE
1135,2024-04-12,CHI,0,0.0,2024-04-14,WAS,NYK
1134,2024-04-12,ORL,0,1.0,2024-04-14,PHI,MIL
1143,2024-04-12,DEN,0,0.0,2024-04-14,SAS,MEM
1139,2024-04-12,LAL,0,0.0,2024-04-14,MEM,NOP
1146,2024-04-12,HOU,0,0.0,2024-04-14,POR,LAC
1148,2024-04-12,PHX,0,0.0,2024-04-14,SAC,MIN
552,2024-04-12,PHI,1,1.0,2024-04-14,ORL,BKN
553,2024-04-12,WAS,1,0.0,2024-04-14,CHI,BOS
554,2024-04-12,BOS,1,1.0,2024-04-14,CHA,WAS
555,2024-04-12,CLE,1,1.0,2024-04-14,IND,CHA
556,2024-04-12,NYK,1,1.0,2024-04-14,BKN,CHI
557,2024-04-12,MEM,1,1.0,2024-04-14,LAL,DEN
558,2024-04-12,MIA,1,1.0,2024-04-14,TOR,TOR
559,2024-04-12,MIN,1,1.0,2024-04-14,ATL,PHX
560,2024-04-12,OKC,1,1.0,2024-04-14,MIL,DAL
561,2024-04-12,SAS,1,1.0,2024-04-14,DEN,DET
562,2024-04-12,DAL,1,0.0,2024-04-14,DET,OKC
563,2024-04-12,GSW,1,1.0,2024-04-14,NOP,UTA
564,2024-04-12,POR,1,0.0,2024-04-14,HOU,SAC
1147,2024-04-12,UTA,0,0.0,2024-04-14,LAC,GSW
565,2024-04-12,LAC,1,1.0,2024-04-14,UTA,HOU
1145,2024-04-12,NOP,0,1.0,2024-04-14,GSW,LAL
566,2024-04-12,SAC,1,1.0,2024-04-14,PHX,POR
1161,2024-04-14,DAL,0,,,OKC,
1160,2024-04-14,LAL,0,,,NOP,
1159,2024-04-14,PHX,0,,,MIN,
1158,2024-04-14,DEN,0,,,MEM,
1157,2024-04-14,HOU,0,,,LAC,
1156,2024-04-14,UTA,0,,,GSW,
1154,2024-04-14,MIL,0,,,ORL,
1153,2024-04-14,CHI,0,,,NYK,
1152,2024-04-14,TOR,0,,,MIA,
1151,2024-04-14,ATL,0,,,IND,
1150,2024-04-14,CHA,0,,,CLE,
1149,2024-04-14,WAS,0,,,BOS,
1155,2024-04-14,BKN,0,,,PHI,
581,2024-04-14,SAS,1,,,DET,
580,2024-04-14,SAC,1,,,POR,
579,2024-04-14,OKC,1,,,DAL,
578,2024-04-14,NOP,1,,,LAL,
577,2024-04-14,MIN,1,,,PHX,
576,2024-04-14,MEM,1,,,DEN,
575,2024-04-14,LAC,1,,,HOU,
574,2024-04-14,GSW,1,,,UTA,
573,2024-04-14,PHI,1,,,BKN,
572,2024-04-14,ORL,1,,,MIL,
571,2024-04-14,NYK,1,,,CHI,
570,2024-04-14,MIA,1,,,TOR,
569,2024-04-14,IND,1,,,ATL,
568,2024-04-14,CLE,1,,,CHA,
567,2024-04-14,BOS,1,,,WAS,
1162,2024-04-14,POR,0,,,SAC,
1163,2024-04-14,DET,0,,,SAS,
